d,disp,theta_r,alpha,n,Ksat
0.000519487,273.6938477,0.025496282,0.176442798,0.872824707,0.033966316
